{
  "carousel_configuration": {
    "auto_scroll_interval_ms": 6000,
    "transition_duration_ms": 500,
    "transition_easing": "ease-in-out",
    "pause_on_hover": true,
    "minimum_cards": 4,
    "total_cards_implemented": 5
  },
  "animation_specifications": {
    "slide_fade": {
      "name": "slideIn",
      "duration": "500ms",
      "easing": "ease-in-out",
      "properties": {
        "opacity": {
          "from": 0,
          "to": 1
        },
        "transform": {
          "from": "translateX(20px)",
          "to": "translateX(0)"
        }
      }
    }
  },
  "responsive_breakpoints": {
    "mobile": {
      "max_width": "768px",
      "cards_per_view": 1,
      "card_min_width": "250px"
    },
    "tablet": {
      "min_width": "769px",
      "max_width": "1024px",
      "cards_per_view": 2,
      "card_min_width": "300px"
    },
    "desktop": {
      "min_width": "1025px",
      "cards_per_view": 3,
      "card_min_width": "300px"
    }
  },
  "navigation": {
    "arrow_buttons": {
      "size": "48px",
      "mobile_size": "40px",
      "background": "rgba(255, 255, 255, 0.3)",
      "backdrop_filter": "blur(10px)",
      "hover_background": "rgba(255, 255, 255, 0.5)",
      "hover_scale": 1.1
    },
    "controls": {
      "previous": "carousel-nav-prev",
      "next": "carousel-nav-next"
    }
  },
  "card_specifications": {
    "glass_blur": "12px",
    "border_radius": "1rem",
    "padding": "32px",
    "background": "rgba(255, 255, 255, 0.25)",
    "border": "1px solid rgba(255, 255, 255, 0.2)"
  },
  "star_rating": {
    "icon_color": "#D4AF37",
    "icon_size": "20px",
    "gap": "4px",
    "fill_type": "filled SVG"
  },
  "accessibility": {
    "reduced_motion": {
      "auto_scroll": "disabled",
      "transitions": "disabled",
      "animations": "disabled"
    },
    "aria_labels": {
      "previous_button": "Previous testimonials",
      "next_button": "Next testimonials"
    }
  },
  "gradient_continuity": {
    "maintained": true,
    "background": "linear-gradient(135deg, #C2185B 0%, #40C4B4 60%, #D4AF37 100%)",
    "wave_overlay_opacity": 0.08
  },
  "performance_metrics": {
    "auto_scroll_restarts_after_interaction": true,
    "smooth_scrolling": true,
    "resize_debounce_ms": 250
  }
}

